name,position,company,description,session_title,date,time,location,company_type,company_size,company_hq_address,company_hq_country,company_international
Adrien Nussenbaum,"Co-founder & Co-CEO,",Mirakl,"Four years later, both Adrien and Philippe left FNAC to found Mirakl in 2012 and become the first marketplace platform leading the platform revolution. Since then, Mirakl has grown to help over 300 customers launch and scale an online marketplace in more than 40 countries around the world. The company's latest $555M Series E fundraising values the company over $3.5B and places it among the most dynamic players in eCommerce, globally",Don’t Leave Money on the Table: Turn your Commerce Business into a Retail Media Profit Engine,13 May 2025,12:10 - 12:50,Track 2,Technology,500-1000 employees,"83 Avenue de la Grande Armée, 75116 Paris, France",France,Yes
Adwaita Nayar,"Co-founder and CEO,",Nykaa Fashion,"Adwaita Nayar is the CEO of Nykaa Fashion & the co-founder of Nykaa. Over the decade at Nykaa, she has held multiple roles within the Nykaa ecosystem. In the early years, she was the COO of the beauty business, where she drove marketing, operations and product. Later, in 2017, she moved on to lead the foray into physical retail, where she launched 30 stores over 1.5 years across two formats. Another milestone in her journey of serial entrepreneurship at Nykaa was founding Nykaa Fashion in 2019. Adwaita is currently the CEO of Nykaa Fashion, where she spearheads the multi-brand retail business, as well as a vast assortment of owned brands including Nyri, NYKD, Likha, MIXT, Azai, Kica, 20Dresses, Pipa Bella and more.",How to Build for your Community,13 May 2025,11:30 - 12:10,Track 1,E-commerce,200-500 employees,"104 Vasan Udyog Bhavan, Sun Mill Compound, Lower Parel, Mumbai, Maharashtra 400013, India",India,No
Akash Gupta,"Co-Founder and CEO ,",GreyOrange,"While still a student at Birla Institute of Tech and Science, a top-5 college in India, Akash teamed up with fellow student Samay Kohli to begin winning global robotic competitions and the success led them to found GreyOrange. He proceeded to build an R&D engine able to unite multiple software and robotic technologies to transform the fulfillment operations of companies around the world. Akash has led mentoring sessions and workshops at more than 25 educational institutions globally, including Stanford University, Louisiana University, MIT, IITs, and IIIT. Akash was named to MIT Technology Review’s global list of “35 Innovators under 35,” has designed and implemented an active underwater Sonar Stabilization System at the University of Louisiana and served on the Chief Organizing Committee of RoboCup 2011-2012.",Where AI Meets the Aisle – Because Every Shopper Deserves a Personal Touch,13 May 2025,12:50 - 13:50,50 Crystal Palace Suite,Technology,1001-5000 employees,"Building 1, 1st Floor, 14th Main Rd, Sector 7, HSR Layout, Bengaluru, Karnataka 560102, India",India,Yes
Alex Genov,"Customer Research Leader,","Author, “Forget the Customer, See the Person”","I use my deep knowledge in Social Psychology and Behavioral Science and years of industry experience to explain and predict consumer and customer behavior. That human element is more needed now in the age of AI than ever.  In my professional life, I am driven by my passion for understanding and improving customer experiences. In that quest, I apply my Psychology background to solve business problems and enhance people's lives. I am committed to mentoring teams, fostering innovation, and exploring new methods to boost customer satisfaction and business performance.

I am also a Customer Research professional with a proven track record in CX and UX research, Usability, Market Segmentation, Voice of the Customer (VOC) and User Experience Design. I have been applying my deep knowledge of Experimental Social Psychology to tackle business challenges, leading initiatives that drive significant ROI and enhance customer satisfaction with roles at renowned companies like Zappos, Intuit (Amazon), and State Farm Insurance.",Humanizing Retail - Understanding the Holistic Customer 14-May-2025 11:30 – 12:10 Track 3 Interactive Debate: Humanising Retail: Putting people back into data,14 May 2025,16:00 - 17:30,Track 3,Not available,Not available,Not available,Not available,Not available
Allyson Zimmerman,"CEO,",LEAD Network Europe,"Since 2007, World Retail Congress has been the premier platform for in-depth research, content and events; driving retail growth and inspiring valuable global connections.",Why are some trying to exclude Diversity and Inclusion?,14 May 2025,15:00 - 15:20,Track 1,Non-profit Organization,Not available,Not available,Netherlands,Yes
Amit Chitnis,"Chief Commercial Officer,",Ocado Retail,"Amit Chitnis joined Ocado Retail in December 2023 as Chief Commercial Officer, leading the transformation of its buying and commercial strategy. Focused on delivering Unbeatable Choice, Unrivalled Service, and Reassuringly Good Value, Amit has been working to strengthen Ocado’s supplier relationships and internal culture, helping the business achieve record-breaking growth in 2024.",How to unlock growth through better supplier partnerships,14 May 2025,12:10 - 12:30,Track 3,Retail,Not available,"Buildings One & Two, Trident Place, Mosquito Way, Hatfield, Hertfordshire, AL10 9UL",United Kingdom,No
Amit Sarda,"Managing Director,",Soulflower India,"Mr. Sarda focused on consumer experience, Sustainability and Inclusivity at a time when it was not talked about in the Board Room meetings. He made products which were pure, natural, vegan, cruelty free and preservative free before most Indian brands entered this space which is now the fastest growing segment in the FMCG category. Mr. Sarda focuses on delighting the customer at every touchpoint and this is the first message every employee gets while joining the organization. He has ideated many innovative activities like ‘Make your own Aroma’ where a customer can make his own signature aroma and it instantly became a hit and connected with the consumer. It is through this constant endeavor of delighting the customer under his leadership that the company bagged 3 prestigious Abby awards last year and got recognized as India’s most Promising Brand of 2018 by Economic Times.",Quick Commerce,13 May 2025,12:10 - 12:30,Track 1,Personal Care & Beauty Products,51-200 employees,"Mumbai, Maharashtra, India",India,No
Andrew Gossage,"CEO,",Ultimate Products,"Since 2007, World Retail Congress has been the premier platform for in-depth research, content and events; driving retail growth and inspiring valuable global connections.","Driving Growth in PE, VC or PLCs",13 May 2025,14:00 - 14:40,Track 2,Consumer Goods,200-500 employees,"Manor Mill, Victoria Street, Chadderton, Oldham, OL9 0DD, United Kingdom",United Kingdom,Yes
Anja Madsen,"COO,",Pets at Home,"Anja joined Pets at Home in 2024 with extensive retail experience in both the UK and Denmark, having held prominent positions at Tesco and Sainsbury’s, and most recently serving as CEO of føtex, a premier supermarket chain in Denmark. Over the course of the last 15 years, Anja has successfully led across all parts of retail operations including commercial, strategy, transformation, supply chain and operational management. Prior to this, Anja was a marketing leader at Johnson & Johnson in Europe and the Middle East following four years as a strategy consultant across a range of industries.",Why Inclusive Leadership Matters More Than Ever,14 May 2025,11:30 - 12:10,Track 1,Retail,"10,000+ employees","Epsom Ave, Stanley Green, Handforth, Wilmslow SK9 3RN, United Kingdom",United Kingdom,No
Arja Taaveniku,"CEO, Home Centre,",Landmark Retail,"Since 2007, World Retail Congress has been the premier platform for in-depth research, content and events; driving retail growth and inspiring valuable global connections.",Not available,12th - 14th May 2025,Not available,Not available,Retail,"55,000 employees","Oasis Centre, 3rd Floor, Sheikh Zayed Road, Al Quoz, Dubai",United Arab Emirates,Yes
Barbara O'Beirne,"Global Head of Industry and Value Consulting,",Stripe,"Since 2007, World Retail Congress has been the premier platform for in-depth research, content and events; driving retail growth and inspiring valuable global connections.",Making Unified Commerce a Reality,13 May 2025,12:50 - 13:50,Not available,Technology,"Over 7,000 employees","510 Townsend Street, San Francisco, CA 94103, USA",United States,Yes
Bart Denolf,"CEO and Founder,",Chleon,"An accomplished academic, Denolf holds a Law Degree (cum laude) from the University of Ghent, a Master's in European Law from the University of Cantabria, a Master's in Marketing, Sales, and Business Administration from ESIC, and has completed executive programs at IESE, INSEAD, Stanford University, and MIT.",International Expansion in a Changing World,13 May 2025,14:40 - 15:40,40 Crystal Palace Suite,Not available,Not available,Not available,Not available,Not available
Ben Tye,"Global Managing Partner and CEO,",Gate One,"Global Managing Partner and CEO at Gate One (a Havas Company), with three decades of expertise in digital and business transformation across a diverse range of sectors worldwide. He has the strategic insight and experience to guide clients through complex, high-impact transformations that deliver lasting value.",People-first retail transformation strategies,13 May 2025,14:40 - 15:20,Track 1,Consulting,51-200 employees,"The Relay Building, 114 Whitechapel High St, London E1 7PT, United Kingdom",United Kingdom,Yes
Brieane Olson,"CEO,",Pacsun,"Olson has driven purpose-led partnerships with cultural icons and organizations that align with Pacsun’s values. She led collaborations with A$AP Rocky as Pacsun’s first guest artistic director, Paris Hilton, and Selena Gomez’s Rare Impact Fund, reinforcing the brand’s commitment to creativity, self-expression, and youth empowerment. She also launched the Pacsun Artist Network Series, an extension of the Pacsun Collective, to elevate emerging designers, content creators, and cultural influencers shaping the future of fashion.",how to learn from challenger brands and to adopt a different way of connecting with customers,14 May 2025,14:00 - 14:40,Track 2,Retail,1001-5000 employees,"3450 E Miraloma Ave, Anaheim, CA 92806, United States",United States,No
Britt Olsen,"Chief Commercial Officer,",On,"Since 2007, World Retail Congress has been the premier platform for in-depth research, content and events; driving retail growth and inspiring valuable global connections.","Britt Olsen, Chief Commercial Officer, On",13 May 2025,10:20 - 10:40,Main Stage,Sportswear,1001-5000 employees,"Pfingstweidstrasse 106, 8005 Zurich",Switzerland,Yes
Carolin Klar,"Member of the Executive Board,",Bonprix,"Carolin Klar, Managing Director Product, Sourcing & Corporate Responsibility at bonprix, combines her extensive expertise in fashion and sustainability with a passion for delivering exceptional customer experiences. Since March 2023, she has been serving on the Executive Board of bonprix. Prior to this role, she was Vice President of Product Management, where she oversaw various product ranges starting in 2018. Carolin began her journey at bonprix in 2008 in Assortment Marketing, before transitioning to Product Management in 2011. Carolin is dedicated to inspiring customers through modern fashion trends, variety, price attractiveness, quality, and sustainability, while ensuring a unique shopping experience.",The power of strategic sourcing partnerships,14 May 2025,14:40 - 15:00,Track 3,Retail,3000+ employees,"Haldesdorfer Straße 61, 22179 Hamburg, Germany",Germany,Yes
Carsten Keller,"CEO,",Chrono24,"Since 2007, World Retail Congress has been the premier platform for in-depth research, content and events; driving retail growth and inspiring valuable global connections.",How to Build for your Community,13 May 2025,11:30 - 12:10,Track 1,E-commerce,400+ employees,"Haid-und-Neu-Straße 18, 76131 Karlsruhe, Germany",Germany,Yes
Catherine Brien,"Partner and Managing Director,",AlixPartners,"Since 2007, World Retail Congress has been the premier platform for in-depth research, content and events; driving retail growth and inspiring valuable global connections.",Leading the AI Revolution,13 May 2025,16:10 - 16:40,Main Stage,Consulting,2000+ employees,"909 Third Avenue, New York, NY 10022, United States",United States,Yes
Catherine Shuttleworth,Unknown,Retail Analyst,"Catherine Shuttleworth is one of the UK's leading retail marketing experts. With more than 30 years’ experience of focusing on the retail industry and shopper insight, she has strong relationships with, and has advised some of the UK's leading retailers, including Asda, M&S, Boots and Morrisons.

A highly respected retail analyst, Catherine has run her award-winning marketing agency, Savvy Marketing for the past 19 years, where she and her team of over 50 people help the world's biggest brands and retailers sell more by influencing shopper and consumer behaviours online, in store and on the move. Described as insightful, creative, pragmatic and with an innate understanding of brands and their consumers, Catherine's no-nonsense approach is centred around placing insight at the heart of all marketing activity that Savvy delivers. Catherine is a well-known commentator across the media on all things retail appearing on TV, Radio and in the press on a weekly basis.",The Gen Z Consumer - Insights and Buying Habits,14 May 2025,12:50 - 13:50,50 Crystal Palace Suite,Not available,Not available,Not available,Not available,Not available
Charlotte Keesing,"Director,",Walpole,"Since 2007, World Retail Congress has been the premier platform for in-depth research, content and events; driving retail growth and inspiring valuable global connections.",Luxury,13 May 2025,15:50 - 16:10,Main Stage,Retail,Not available,"50 Brook Street, London W1K 5DR, United Kingdom",United Kingdom,No
Cheryl Potter,"Non-Executive Director,",Marks & Spencer,"Since 2007, World Retail Congress has been the premier platform for in-depth research, content and events; driving retail growth and inspiring valuable global connections.","Driving Growth in PE, VC or PLCs",13 May 2025,14:00 - 14:40,Track 2,Retail,"Over 70,000 employees","Waterside House, 35 North Wharf Road, London, W2 1NW, United Kingdom",United Kingdom,Yes
Chris Aubrey,"Global Retail Director,",Jaguar Land Rover (JLR),"He went on to hold senior executive roles at Samsung, Dyson, Canada Goose, and Jaguar Land Rover. At Dyson, he pioneered the brand’s direct-to-consumer physical retail strategy and developed immersive store formats that set new standards for customer experience and retail innovation. Most recently at Jaguar Land Rover, he has been leading a transformative shift in how Jaguar shows up physically, reimagining the retail network to create an elevated experience that delivers on the brand’s promise of “Copy Nothing”.",Future of Physical Retailing,13 May 2025,17:00 - 17:30,Main Stage,Automotive,"About 40,000 employees","Abbey Road, Whitley, Coventry CV3 4LF, United Kingdom",United Kingdom,Yes
Christina Fontana,"Senior Director, Brand Operations EMEA,",SHEIN,"Since 2007, World Retail Congress has been the premier platform for in-depth research, content and events; driving retail growth and inspiring valuable global connections.",Adapting the Retail Model for a New Growth Path,14 May 2025,14:10 - 14:40,Track 2,"E-commerce, Fashion Retail","10,000+ employees",Not available,China,Yes
Dan Coen,"President, Strategy and Markets,",PDS Ltd.,"Dan comes with over 20 years of experience in the Business Consulting and Finance sector. Dan was a Partner & Managing Director at AlixPartners, a global consulting firm, where he was a leader in the firm’s retail practice.",Overcoming Sourcing and Supply Chain Challenges in a Volatile World,14 May 2025,14:40 - 15:20,Track 2,Not available,Not available,Not available,Not available,Not available
David Billings,"VP, Digital UK & Ireland, Empathy Lab ,",EPAM,"By blending Empathy Lab by EPAM’s proprietary accelerators with custom software, and partnerships with top cloud providers, he helps clients unlock the full potential of their marketing data and technology. His focus areas include retail media platforms and AI-driven marketing optimization.",How agentic solutions are already accelerating customer data value for retailers and brands,14 May 2025,07:45 - 08:45,Not available,Information Technology and Services,"Over 58,000 employees","41 University Drive, Suite 202, Newtown, PA 18940, USA",United States,Yes
David Moore,"International Retail & Development Director,",SPAR International,"David has been the Retail & Development Director of SPAR International since 2016, responsible for new business and the effective expansion and implementation of the SPAR Brand and its multi-format stores worldwide. David has spent over 40 years working in the Food Retail industry. Having joined SPAR in 2009, he was initially responsible for international development in India and the Middle East and sharing retail operations best practices of SPAR. In this role, he developed new SPAR retailing disciplines for the global SPAR network and successfully launched the SPAR brand in the countries of India, Sri Lanka, Oman, UAE, Saudi Arabia and Qatar.",Adapting the Retail Model for a New Growth Path,14 May 2025,15:50 - 16:20,Main Stage,Retail,"370,000 employees","SPAR International, Westland Square, Pearse Street, Dublin 2, Ireland",Ireland,Yes
David Roth,"CEO and Chairman,",The Store - WPP and BAV,"Since 2007, World Retail Congress has been the premier platform for in-depth research, content and events; driving retail growth and inspiring valuable global connections.",how to learn from challenger brands and to adopt a different way of connecting with customers,14 May 2025,14:40 - 15:20,Track 2,Marketing and Advertising,Not available,"Sea Containers, 18 Upper Ground, London SE1 9GL, UK",United Kingdom,Yes
Deborah Weinswig,"Founder & CEO,",Coresight Research,"Deborah has been a trusted thought leader at the crossroads of technology, finance, and retail for nearly two decades. As a leading analyst and strategist, Deborah also has deep expertise in AI, Metaverse, China, livestreaming, retail media, supply chain, commercial real estate, and data monetization. In 2023, Deborah conceptualized and launched the first AI Council for the retail industry. This invitation-only organization has proven invaluable in helping brands, retailers, and technology companies navigate business in the artificial intelligence age.",Growing Disruptive Retail Brands,13 May 2025,12:00 - 13:00,Track 1,Market Research,11-50 employees,"575 Fifth Avenue, 14th Floor, New York, NY 10017, USA",USA,Yes
Dennis Schröder,"CEO,",SNIPES,"With more than 800 stores and online shops across Europe and the United States, SNIPES is not only a global retail powerhouse but also way more than just a retailer – it’s a cultural movement. SNIPES is deeply rooted in urban culture and operates at scale. From niche events for the community, own local recording to the biggest festivals in the world: SNIPES lives and breathes urban culture. Hyperlocal worldwide!",Building Worldwide Communities,13 May 2025,14:40 - 15:00,Track 2,Retail,Over 800 stores,"Schanzenstraße 41, 51063 Cologne, Germany",Germany,Yes
Devarajan Iyer,"CEO and Executive Director of Lifestyle India,",Landmark India,"Since 2007, World Retail Congress has been the premier platform for in-depth research, content and events; driving retail growth and inspiring valuable global connections.",International Expansion in a Changing World,13 May 2025,14:40 - 15:40,40 Crystal Palace Suite,Retail,"10,001+ employees","Maxus Mall, Near Temba Hospital Rd, Bhayandar West, Thane, Maharashtra 401101, India",India,Yes
Dirk van den Berghe,"Chairman,",Takko Fashion,"Since 2007, World Retail Congress has been the premier platform for in-depth research, content and events; driving retail growth and inspiring valuable global connections.",Retail in Asia,14 May 2025,14:25 - 14:45,Track 1,Retail,"Approximately 18,000 employees","Alfred-Krupp-Straße 21, 48291 Telgte, Germany",Germany,Yes
Elsa Pedro do Souto,"Global Senior Manager Insights & Analytics,",MARS,"Elsa believes that data should serve people — not the other way around. As a global leader in Analytics and Insights at Mars, she transforms complex data into pet and human-centered solutions that drive real-world impact. A passionate advocate for rethinking retail through a human lens, Elsa challenges organizations to see the stories behind the numbers and build a more connected future.",Humanizing Retail - Understanding the Holistic Customer 13-May-2025 14:40 – 15:20 Track 1 Discussion: People-first retail transformation strategies 14-May-2025 11:30 – 12:10 Track 3 Interactive Debate: Humanising Retail: Putting people back into data,13 May 2025,16:00 - 17:30,Track 1,"Food processing, Pet care, Confectionery, and Veterinary services","About 130,000 employees","6885 Elm Street, McLean, Virginia, 22101, USA",United States,Yes
Enrique Ostalé,"Chairman,",Falabella,"Between 2013 and 2022, he was President and CEO of Walmart Latam (2013-2015); he later added India and Africa to his responsibilities (2016-2017). Subsequently, he was President and CEO of Latam, the United Kingdom, and Africa (2017-2020). He was also the chairman of Walmart Mexico (Walmex) and Central America between 2013 and 2022. He led a business on three continents, with over 5,000 stores and 450,000 employees spread across Mexico, Central America, Argentina, Chile, the United Kingdom, South Africa, and 12 other African countries, as well as India, with revenues ranging from US$65 billion to US$85 billion.",Leading the AI Revolution,13 May 2025,16:10 - 16:40,Main Stage,Retail,"More than 100,000 employees","Rosas 1665, Santiago, Chile",Chile,Yes
Eshita Kabra,"Founder & CEO,",By Rotation,"Since 2007, World Retail Congress has been the premier platform for in-depth research, content and events; driving retail growth and inspiring valuable global connections.",How to Build for your Community,13 May 2025,11:30 - 12:10,Track 1,Fashion Technology,11-50 employees,"71-75 Shelton Street, Covent Garden, London, WC2H 9JQ, United Kingdom",United Kingdom,No
Fahed Ghanim,"CEO,",Majid Al Futtaim Lifestyle.,"Recognised as an authority in the Middle East retail landscape, Ghanim is a sought-after speaker at industry events throughout the region. His expertise lies in growth hacking and turnarounds, including the successful transformation and IPO of L'azurde PLC, a prominent Saudi-based jewelry company, marking his third business turnaround during his career. Most recently, Ghanim has achieved unprecedented success as CEO of Majid Al Futtaim Lifestyle, quadrupling the business since assuming the role five years ago.",Future of Physical Retailing,13 May 2025,08:00 - 09:00,Track 3,Retail,Not available,"Majid Al Futtaim Tower 2, Level 3, Dubai, United Arab Emirates",United Arab Emirates,Yes
Fiona Davis,"Global General Manager,",Overline,"Since 2007, World Retail Congress has been the premier platform for in-depth research, content and events; driving retail growth and inspiring valuable global connections.",Creating special discovery moments for customers,14 May 2025,11:30 - 12:10,Track 2,Not available,Not available,Not available,Not available,Not available
Fiona Eastwood,"CEO,",Merlin Entertainments,"Since 2007, World Retail Congress has been the premier platform for in-depth research, content and events; driving retail growth and inspiring valuable global connections.",Winning Customer Experience from Beyond Retail,14 May 2025,14:00 - 14:40,Track 1,Entertainment,"28,000 employees","Link House, 25 West Street, Poole, Dorset BH15 1LD",United Kingdom,Yes
Fraser Brown,"Retail Director,",Heathrow Airport,"Since 2007, World Retail Congress has been the premier platform for in-depth research, content and events; driving retail growth and inspiring valuable global connections.",Winning Customer Experience from Beyond Retail,14 May 2025,14:00 - 14:40,Track 1,Aviation,Not available,"The Compass Centre, Nelson Road, Hounslow, TW6 2GW",United Kingdom,No
Frederico Trajano,"CEO,",Magalu,"Frederico Trajano is Magalu’s CEO, one of the main retail platforms in Latin America and the biggest digital retailer in Brazil. Fred, as he is known, leads a conglomerate with around 1,300 brick and mortar stores, hundreds of distribution centers, and a team of 30,000 employees. He spearheaded what is considered one of the most significant digital transformations in Brazil and globally. He transformed a traditional retailer into an ecosystem with over 200,000 sellers, offering various services to democratize online sales.","Frederico Trajano, CEO, Magalu",13 May 2025,16:40 - 17:00,Main Stage,Retail,"Approximately 43,000 employees","Rua Arnaldo Magniccaro, 1000 - Vila Gertrudes, São Paulo - SP, 04795-000, Brazil",Brazil,No
Gary Topp,"European Commercial Director,",AliExpress,"Since 2007, World Retail Congress has been the premier platform for in-depth research, content and events; driving retail growth and inspiring valuable global connections.",Not available,12th - 14th May 2025,Not available,Not available,E-commerce,Not available,Not available,China,Yes
George Evans,"VP – Head of Cognizant Moment, EMEA & APJ,",Cognizant,"Since 2007, World Retail Congress has been the premier platform for in-depth research, content and events; driving retail growth and inspiring valuable global connections.",Change Agents: Are you ready for the future of shopping? Why retailers and CPG businesses need to prepare now for agentic AI,13 May 2025,07:45 - 08:45,Serpentine Room,Technology,"Over 300,000 employees","300 Frank W. Burr Blvd, Teaneck, NJ 07666, USA",United States,Yes
Georgina Smallwood,"Chief Product, Data and Technology Officer,",Moonpig,"Since 2007, World Retail Congress has been the premier platform for in-depth research, content and events; driving retail growth and inspiring valuable global connections.",How Retail & Brand Leaders are Building Connected Consumer Experiences with Data and AI,13 May 2025,11:30 - 12:10,Track 2,E-commerce,500+ employees,"Herbal House, 10 Back Hill, London EC1R 5EN, United Kingdom",United Kingdom,Yes
Graham Heuman,"Retail Insights Lead,",J.C. Williams Group,"Graham Heuman is a research and insights specialist at J.C. Williams Group, where he transforms data into strategic and innovative solutions for retail clients. As Co-chair of Ebeltoft Group’s “Young Ebeltoft” initiative, Graham works closely with international partners to shape the future of retail. Graham also sits on the Program Advisory Council for the Retail Management program at Toronto Metropolitan University, where he helps translate his experience into the Canadian retail curriculum. With a background spanning retail management in fashion and electronics, merchandising, and forecasting, he brings both frontline experience and global perspective to every project to help retailers deliver consistent, remarkable experiences.",The Next Generations in Retail: Gen Z and Gen Alpha as Employee and Consumer,14 May 2025,14:40 - 15:40,40 Crystal Palace Suite,Retail Consulting,Not available,Not available,Canada,Yes
Hani Weiss,"CEO, Max Fashion,",Landmark Group,"Since 2007, World Retail Congress has been the premier platform for in-depth research, content and events; driving retail growth and inspiring valuable global connections.","Rami Baitieh, CEO, Morrisons",14 May 2025,16:20 - 16:40,Main Stage,Retail,"55,000 employees","Oasis Center, Sheikh Zayed Road, Al Quoz, Dubai",United Arab Emirates,Yes
Heather Jackson,"Co-Founder and CEO ,",GenM,"Heather Jackson is CEO and Co-Founder of GenM - the Menopause Partner for Brands and Home of the MTick, the universal shopping symbol for menopause-friendly products. She is a visionary leader and her personal journey through perimenopause exposed the lack of education, support and product availability, was the catalyst to co-found GenM. The mission is to unite responsible brands and retailers, normalise the menopause conversation, and deliver much-needed choice, trust, and visibility to the menopausal market. Ultimately, empowering women to shop with confidence for products to improve the lived experience of menopause.",Enhancing Experiences for Underserved Customers,13 May 2025,12:30 - 12:50,Track 1,Healthcare,Not available,Not available,United Kingdom,No
Heather McIlvaine,"Managing Editor,",Inside Retail,"Since 2007, World Retail Congress has been the premier platform for in-depth research, content and events; driving retail growth and inspiring valuable global connections.","Todd Snyder, Founder, Todd Snyder",14 May 2025,14:10 - 14:40,Track 3,Media,Not available,Not available,Australia,No
Heidi Stevens,"CEO,",Otto International,"Heidi Stevens, CEO of Otto International and Board Member of OAGN and Scan-Thor, is a results-based executive who drives a trusting, transparent, and inclusive environment where teams are not afraid to fail. To this end, she brings together her 20+ years’ experience in the US, Europe, and Asia and her strong expertise in broad strategic vision, global agility, and optimising operations. Through her many leadership roles, such positions at Walmart, she has led sourcing and supply chain breakthroughs that deliver exceptional financial impact with an authentic and courageous approach that inspires teams to win.",The power of strategic sourcing partnerships,14 May 2025,14:40 - 15:00,Track 3,Trading,Not available,"Werner-Otto-Straße 1-7, 22179 Hamburg, Germany",Germany,Yes
Helena Helmersson,"Chairperson,",Circulose,"Helena is a continuous learner and participated in the Stanford Executive Program 2024-2025, becoming an Alumni of Stanford University's Graduate School of Business. Other recognitions are an Honorary Doctorate by the Faculty of Social Sciences at Umeå School of Business, the announcement as one of retail’s most influential leaders 2020 and the most powerful business woman in Sweden 2014.",The Business of Sustainability – Leading to Win,14 May 2025,09:30 - 09:50,Main Stage,Sustainable Fashion,Not available,Not available,Sweden,No
Ian Bailey,"Chairman,",Anko Global,"Since 2007, World Retail Congress has been the premier platform for in-depth research, content and events; driving retail growth and inspiring valuable global connections.",Adapting the Retail Model for a New Growth Path,14 May 2025,17:15 - 17:35,Track 2,Not available,Not available,Not available,Not available,Not available
Ian McGarrigle,"Chairman & Director,",World Retail Congress,"Since 2007, World Retail Congress has been the premier platform for in-depth research, content and events; driving retail growth and inspiring valuable global connections.",05 Main Stage Welcome to the World Retail Congress Day One,13 May 2025,13:30 - 13:35,Main Stage,Retail,Not available,Not available,Not available,Yes
Ian McLeod,"Non-Executive Director,",Kingfisher,"lan’s leadership and board experience includes UK brands such as Asda and Halfords, international brands such as Walmart in Europe and Carrefour in the Middle East, as well as CEO roles with Coles Retail Group in Australia, Southeastern Grocers in the United States and also the DFI Retail Group based in Hong Kong with stores across 13 Asian markets, including key franchise brands such as IKEA, 7-Eleven and Starbucks.",Not available,12th - 14th May 2025,Not available,Not available,Retail,"Approximately 75,000 employees","3 Sheldon Square, Paddington, London W2 6PX, United Kingdom",United Kingdom,Yes
Ira Kalish,"Chief Economist,",Deloitte,"Since 2007, World Retail Congress has been the premier platform for in-depth research, content and events; driving retail growth and inspiring valuable global connections.",Global Forecasting 13-May-2025 09:30 – 09:50 Main Stage Keynote Address: Economic Forecast,13 May 2025,13:55 - 14:25,Main Stage,Professional Services,"Over 415,000 employees","30 Rockefeller Plaza, New York, NY 10112, United States",United States,Yes
Izabel Dobreva,"Head of Food & Non-Apparel Retail, EMEA, Consumer Equity Research,",Morgan Stanley,"Izabel Dobreva is Head of Food & Non-Apparel Retail for Europe / EMEA, as part of Morgan Stanley’s Consumer Equity Research team. She is responsible for the team’s single stock and thematic research, and has been consistently top-ranked in external investor surveys. Prior to taking on Retail, Izabel covered European Banks, advising on a range of structural and cyclical themes, in addition to single stock coverage, over the last 12 years. Before joining Morgan Stanley, Izabel worked at Goldman Sachs in a similar FIG role for 5 years.",Not available,12th - 14th May 2025,Not available,Not available,Finance,"More than 60,000 employees","1585 Broadway, New York, NY 10036, United States",United States,Yes
James Wellwood,"Founding Partner,",Savana by Urbanic,"James is a former professional athlete representing both England U21 and, at club level, the former European Champions. He read Political Science at the University of Cambridge, is a Young Leader at the Milken Institute and serves on the Leadership Council of RIVET, a charity which channels the collective economic power of young people to fund their work as social innovators.",Growing Disruptive Retail Brands,13 May 2025,14:00 - 14:40,Track 1,Not available,Not available,Not available,Not available,Not available
Jamie Salter,"Founder, Chairman and CEO ,",Authentic Brands Group,"The innovative business model has allowed Authentic to scale rapidly into a multifaceted lifestyle, sports, entertainment and digital platform comprising some of the most iconic and world-renowned brands, such as Reebok, Shaquille O’Neal, David Beckham, Sports Illustrated, Brooks Brothers and more. Today, its portfolio generates more than $32 billion in global annual retail sales.",30 Main Stage The Power Interview,14 May 2025,09:05 - 09:30,Main Stage,Brand Development,600 employees,"1411 Broadway, 4th Floor, New York, NY 10018, USA",United States,Yes
Jamila Saidi,"Head of Digital Commerce, Culture & Lifestyle,",UK Department for Business & Trade,"Jamila initially began her career in global marketing communications where over the years she’s held B2C and B2B marketing positions focused on developing strategic value adding initiatives and solutions whether that be for entrepreneurs, high net worth individuals, investors, or large corporates. She has over 20 years’ marketing and business development experience across a range of industries including retail, luxury, creative industries, financial services (private banking & wealth management), professional services and tech. Prior to joining the UK’s trade department, Jamila held various marketing roles in some of the world’s largest financial and professional service institutions including Lloyds Bank Private Banking, Merrill Lynch Global Wealth Management and Grant Thornton.",Not available,12th - 14th May 2025,Not available,Not available,Government,Not available,"1 Victoria Street, London, SW1H 0ET, United Kingdom",United Kingdom,Yes
Jane Mustoe,"Senior Technology Director,",Tesco,"Jane has held various global management positions in both the retail and financial services sectors. Her roles have encompassed enterprise functions, Investment Banking products, Wealth and Investment Management and Corporate Banking products. Jane recognizes the significance of technology and data as pivotal drivers of value.  Currently, Jane is responsible for Corporate Functions technology overseeing all aspects of technology deliver from strategy and product development, to engineering and operations.  She also is responsible for Tesco technology Innovation Labs, a team dedicated to pioneering future advancements in retail the technology Innovation Lab.",People-first retail transformation strategies,13 May 2025,14:40 - 15:20,Track 1,Retail,"Over 300,000 employees","Tesco House, Shire Park, Kestrel Way, Welwyn Garden City, AL7 1GA, United Kingdom",United Kingdom,Yes
Jaume Miquel Naudi,"Chairman & CEO,",Tendam,"In March 2016 he took additional responsibilities as General Manager of Cortefiel and Pedro del Hierro brands in order to effectively reposition both brands and recover a path of growth. By September 2016 he was promoted to Chief Executive Officer for the whole Group, from this position he has been successfully leading the group transformation and fast growth. By June 2019 he took additional responsibility as Chairman of the Group.",Future of Physical Retailing,13 May 2025,17:00 - 17:30,Main Stage,Retail,"Approximately 8,000 employees","Avenida del Llano Castellano, 51, 28034 Madrid, Spain",Spain,Yes
Jennifer Woo,"Chairman & CEO,",The Lane Crawford Joyce Group,"As President of Lane Crawford from 2003 to 2010, Ms Woo and her team implemented some of the most fundamental changes in the company’s history, successfully repositioning the department store model to a specialty business with the largest selection of international designer fashion in the region. Lane Crawford has since become a benchmark for innovation in retail concepts and creative. In 2011, Lane Crawford became China’s first omni-channel designer fashion retailer with the launch of its e-commerce business.","Winning ways of delivering experience, service and building loyalty",13 May 2025,14:40 - 15:20,Track 3,Retail,1000-5000 employees,"One Island South, 2 Heung Yip Road, Wong Chuk Hang, Hong Kong",Hong Kong,Yes
Jill Orr,"Managing Director, Enterprise EMEA,",Criteo,"Jill Orr is Managing Director, Enterprise EMEA at Criteo, where she leads the company’s commerce media and retail media strategy across Europe, the Middle East, and Africa. With over 25 years of experience in media, retail, and technology, she helps brands, retailers, and publishers unlock the full potential of data-driven advertising and digital innovation.",Creating special discovery moments for customers,14 May 2025,11:30 - 12:10,Track 2,Technology,2600 employees,"32 Rue Blanche, 75009 Paris, France",France,Yes
John Hadden,"CEO,",Alshaya,"Since 2007, World Retail Congress has been the premier platform for in-depth research, content and events; driving retail growth and inspiring valuable global connections.",How to unlock the potential for international growth,14 May 2025,14:00 - 14:40,Track 3,Retail,"Over 53,000 employees","Alshaya Group, Office 1, Levels 3 & 4, Burj Alshaya, Al Soor Street, Al Mirqab, Kuwait City",Kuwait,Yes
John McLoughlin,"Executive Vice Chair,",Advantage Group International,John McLoughlin currently serves as Vice Chair of the Board of Directors of Advantage Group International (AGI). Advantage Group is the leading research benchmarking and advisory business focused on creating more productive working relationships with retailers and their suppliers. John is a trusted advisor to Advantage clients with a distinguished career spanning over 30 years working with blue-chip consumer goods manufacturers and retailers. John is passionate about helping clients achieve mutually successful commercial outcomes with their supplier partners and believes wholeheartedly in a philosophy of pragmatic collaboration between retailers and suppliers.,How to unlock growth through better supplier partnerships,14 May 2025,12:10 - 12:30,Track 3,"Research, Benchmarking, and Advisory",51-200 employees,Not available,Canada,Yes
John Ryan,"Managing Director,",Newstores,"John is, among other things, European editor of VMSD, a contributor to Retail Week and Stores + Shops in Germany. On the consultancy side, his clients range from Deloitte to Carpetright, Marks & Spencer to Sainsbury’s.",The Top 10 Store Designs Delivering Great Customer Experience 14-May-2025 15:00 – 15:20 Track 3 Download: The Art and the Science of Store Design: Today’s Winning New Concepts,14 May 2025,08:00 - 09:00,Track 3,Not available,Not available,Not available,Not available,Not available
John Scott,"Founder & CEO,",Liminal Retail,"Since 2007, World Retail Congress has been the premier platform for in-depth research, content and events; driving retail growth and inspiring valuable global connections.",How to unlock the potential for international growth,14 May 2025,14:00 - 14:40,Track 3,Not available,Not available,Not available,Not available,Not available
Jonathan Poma,"Director, Go-to-Market Initiatives ,",Shopify,"Since 2007, World Retail Congress has been the premier platform for in-depth research, content and events; driving retail growth and inspiring valuable global connections.",Change Agents: Are you ready for the future of shopping? Why retailers and CPG businesses need to prepare now for agentic AI,13 May 2025,07:45 - 08:45,Serpentine Room,Technology,"10,000+ employees","150 Elgin Street, 8th Floor, Ottawa, ON K2P 1L4, Canada",Canada,Yes
Juan Carlos Escribano,"CEO,",El Palacio de Hierro,"As El Palacio de Hierro’s CEO, Juan Carlos directly leads a team of 10,600+ staff members; from 2015 (1 billion USD) – 2024 (3.2 billion USD), CAGR by +11.1% Revenues, +17.1% EBITDA and +18.3% Net Profit, and earning the company a stable outlook rating granted by a local AAA rating agency for five consecutive years. Intently focused on maintaining a client-centric approach to business, the development of omnichannel and diversification complement his vision along with making each of the company’s doors unique and community-minded as an homage to each location’s identity; in 2024 El Palacio de Hierro was positioned as the second best store worlwide over Selfridges and Bloomindale’s, this recognition was obtained considering the creation of immersive, luxurious experiences.","Winning ways of delivering experience, service and building loyalty",13 May 2025,14:40 - 15:20,Track 3,Retail,"10,600+ employees","Durango 230, Roma, Cuauhtémoc, 06700 Ciudad de México, CDMX, Mexico",Mexico,No
Judith McKenna,"Non-Executive Director,","Unilever, Delta","Since 2007, World Retail Congress has been the premier platform for in-depth research, content and events; driving retail growth and inspiring valuable global connections.",how to learn from challenger brands and to adopt a different way of connecting with customers,14 May 2025,14:25 - 14:45,Track 3,Consumer Goods,"148,000 employees","Unilever House, 100 Victoria Embankment, London EC4Y 0DY, United Kingdom",United Kingdom,Yes
Karin Karay,"Consultant, Global Retail Practice,",Spencer Stuart,"Karin Karay leads the Retail practice in Brazil and Private Equity in Latin America, having conducted C-level positions in these markets, including CEO and Board Member positions of various companies. She brings over 25 years of experience in the field, with experience in both the New York and Brazil offices. Karin has a strong commitment to diversity-related issues.","Frederico Trajano, CEO, Magalu",13 May 2025,16:40 - 17:00,Main Stage,Executive Search and Leadership Consulting,Approximately 500 employees,"353 N Clark St, Chicago, IL 60654, United States",United States,Yes
Kate Walsh,"Retail Lead - UK & Europe,",Russell Reynolds Associates,"Her clients span the gamut of the L&H sector: from the world’s largest hotel and cruise companies to international restaurant brands, as well as national pub and coffee businesses. In retail, she works closely with national and international grocers and an exciting portfolio of specialist, lifestyle, and apparel brands. She is experienced working with both listed companies and those backed by private capital.",Why Inclusive Leadership Matters More Than Ever,14 May 2025,11:30 - 12:10,Track 1,Executive Search and Leadership Advisory,500-1000 employees,"277 Park Avenue, 38th Floor, New York, NY 10172, USA",USA,Yes
Ken Murphy,"CEO,",Tesco,"Since 2007, World Retail Congress has been the premier platform for in-depth research, content and events; driving retail growth and inspiring valuable global connections.","Ken Murphy, CEO, Tesco",13 May 2025,09:10 - 09:30,Main Stage,Retail,"Over 300,000 employees","Tesco House, Shire Park, Kestrel Way, Welwyn Garden City, AL7 1GA",United Kingdom,Yes
Ken Pilot,"Founder,",Ken Pilot Ventures,"Since 2007, World Retail Congress has been the premier platform for in-depth research, content and events; driving retail growth and inspiring valuable global connections.",Capturing Customer Love and Loyalty with Innovation 13-May-2025 11:30 – 12:10 Track 1 Debate: How to Build for your Community,13 May 2025,10:30 - 11:00,Track 1,Not available,Not available,Not available,Not available,Not available
Khalifa Bin Braik,"CEO, Asset Management,",Majid Al Futtaim,"Khalifa Bin Braik is the Chief Executive Officer of Majid Al Futtaim Asset Management Business, where he leads a portfolio of 29 shopping malls and 13 Hotels across the Middle East and North Africa. Khalifa has extensive real estate and hospitality leadership experience in various organisations. After starting his career with Dubai Holding, he joined Sharjah Holding, a joint venture between Majid Al Futtaim - Properties and the Government of Sharjah; and moved to Majid Al Futtaim - Properties in 2014. He served as a director in the Shopping Malls business unit and Managing Director, Hotels Business Unit. In that role, Khalifa was responsible for optimizing the operating and financial performance of the entire portfolio of Majid Al Futtaim - Hotels, as well as building robust relationships with our international hotel partners.",Winning Customer Experience from Beyond Retail,14 May 2025,14:00 - 14:40,Track 1,"Conglomerate (Retail, Real Estate, Leisure & Entertainment)","Over 43,000 employees","Majid Al Futtaim Tower 2, Level 3, Dubai, United Arab Emirates",United Arab Emirates,Yes
Koreen Fader,"CEO,",QVC UK,"With a 25 year career in the retail industry, Koreen Fader has held senior leadership roles in both the US and Japan markets, before joining as the CEO of QVC UK in June 2021.  Always seeking opportunities to push the boundaries of retail, Koreen is dedicated to delivering an exceptional experience to  customers and team members, embodying an inspirational and courageous spirit in all she does.",Enhancing Experiences for Underserved Customers,13 May 2025,12:30 - 12:50,Track 1,Retail,501-1000 employees,"Building 8, Chiswick Park, 566 Chiswick High Road, London W4 5XU, United Kingdom",United Kingdom,Yes
Kristina Blahnik,"CEO,",Manolo Blahnik,"Kristina’s unique background as a chartered architect gives her a refined eye for design, blending precision with creativity. Her architectural expertise was pivotal in the early days of the brand’s evolution, having worked on the design for Manolo Blahnik’s first exhibition at the Design Museum in 2003. Today, she continues to work closely with her uncle, Manolo Blahnik, on every collection, ensuring that each design reflects the brand’s rich history and commitment to craftsmanship. One of her proudest achievements is the launch of the Manolo Blahnik Archives in 2021, a virtual platform celebrating the brand’s 50th anniversary. The Archives has attracted over a million unique visitors and won multiple awards for its innovative approach to digital storytelling, offering fans worldwide an intimate look into the history of the brand and the artistry behind its creations.",Luxury,14 May 2025,17:00 - 17:30,Main Stage,Fashion,51-200 employees,"49-51 Old Church Street, London SW3 5BS, United Kingdom",United Kingdom,Yes
Kulvinder Hari,"Head of Technology, Retail,",Salesforce,"Since 2007, World Retail Congress has been the premier platform for in-depth research, content and events; driving retail growth and inspiring valuable global connections.",Shaping the Retail Industry Through the Future of the Consumer,14 May 2025,09:50 - 10:20,Main Stage,Technology,"73,541 employees","Salesforce Tower, 415 Mission Street, San Francisco, CA 94105, United States",United States,Yes
Laura Youngson,"Co-Founder and CEO ,",IDA Sports,"Since 2007, World Retail Congress has been the premier platform for in-depth research, content and events; driving retail growth and inspiring valuable global connections.",How to Build for your Community,13 May 2025,11:30 - 12:10,Track 1,Sportswear,1-10 employees,Not available,Australia,No
Laure Le Gall,"Chief Revenue Officer EMEA,",Mirakl,"Laure Le Gall is Chief Revenue Officer for EMEA, coordinating the Sales and Marketing teams. She was one of the first employees to join Mirakl, after 9 years with IBM and an early career in consulting with PricewaterhouseCoopers. Since 2013, Laure Le Gall has contributed to the structuring of the sales teams, Mirakl's growth and its international expansion.","The Engine Behind eCommerce Growth - Extending your Assortment Online, Profitably",14 May 2025,12:50 - 13:50,Not available,Technology,800+ employees,"83 Avenue de la Grande Armée, 75116 Paris, France",France,Yes
Leonie Foster,"COO,",Selfridges,"Since 2007, World Retail Congress has been the premier platform for in-depth research, content and events; driving retail growth and inspiring valuable global connections.","Winning ways of delivering experience, service and building loyalty",13 May 2025,14:40 - 15:20,Track 3,Retail,"Approximately 2,000 employees","400 Oxford Street, London, W1A 1AB, United Kingdom",United Kingdom,Yes
Lynne Walker,"Director Primark Cares,",Primark,"Since 2007, World Retail Congress has been the premier platform for in-depth research, content and events; driving retail growth and inspiring valuable global connections.",Winning with the circular economy – and building better businesses,14 May 2025,12:20 - 13:00,Track 2,Retail,"More than 70,000 employees","Arthur Ryan House, 22-24 Parnell Street, Dublin 1, Ireland",Ireland,Yes
Malin Andrée,"Global, EMEIA and Nordics Retail Leader,",EY,"Malin has extensive experience leading a variety of transformation projects, encompassing everything from establishing new strategies and defining new business models, to managing the implementation of major digitalization initiatives, organizational changes and streamlining of processes. Malin has also led global change programs, working at the EY organization’s offices in New York and Dubai.",Adapting the Retail Model for a New Growth Path,14 May 2025,15:50 - 16:20,Main Stage,Professional services,"Over 365,000 employees","6 More London Place, London SE1 2DA, United Kingdom",United Kingdom,Yes
Marcella Wartenbergh,"CEO,",AWWG,"As part of Marcella’s many years of experience in the fashion industry, it is important to highlight her extensive experience at leading apparel company PVH Corp. where she held various senior management positions such as Chief Merchandising & Global Licensing Officer for Calvin Klein, President of PVH Europe and Country Manager of PVH Mexico. Marcella also held global senior management positions for the Tommy Hilfiger brand.
Marcella strongly believes that every business should foster an inspiring culture based on collaboration, flexibility, and inclusivity.",Growth Drivers: Where is global retail growth coming from?,13 May 2025,09:50 - 10:20,Main Stage,Fashion,Not available,Not available,Not available,Not available
Mariëlle Slenders,"Head of Media & Retail Media,",A.S. Watson Benelux,"Since 2007, World Retail Congress has been the premier platform for in-depth research, content and events; driving retail growth and inspiring valuable global connections.",Don’t Leave Money on the Table: Turn your Commerce Business into a Retail Media Profit Engine,13 May 2025,12:10 - 12:50,Track 2,Retail,Not available,Not available,Netherlands,Yes
Marisa Gardini,"Managing Partner and CEO,",Prosper Brands,"Before founding Prosper Brands, Marisa launched BCL-ED, LLC, a successful fashion and retail partnership with Ellen DeGeneres and Michael Francis, which has generated over $500 million in cumulative sales to date. Her tenure as Managing Partner and CEO of Isaac Mizrahi was marked by groundbreaking achievements, including the launch of one of the largest brands on QVC and the iconic Isaac Mizrahi for Target collection—pioneering designer collaborations with major retailers. Marisa also played a pivotal role in the relaunch of Liz Claiborne as Creative Director, revitalizing the brand for mid-tier and international retail markets.",Luxury,14 May 2025,17:00 - 17:30,Main Stage,Not available,Not available,Not available,Not available,Not available
Mark Conway,"COO, Kuwait, Oman, Bahrain & Kuwait,",Landmark Retail,"Since 2007, World Retail Congress has been the premier platform for in-depth research, content and events; driving retail growth and inspiring valuable global connections.",International Expansion in a Changing World,13 May 2025,14:40 - 15:40,40 Crystal Palace Suite,Retail,"55,000 employees","Oasis Centre, Al Quoz, Dubai, United Arab Emirates",United Arab Emirates,Yes
Mark W. Baum,"Chief Collaboration & Commercial Officer & SVP, Industry Relations,",FMI - The Food Industry Association,"Mark Baum serves on the Board of Directors of KeyImpact Sales & Systems, a national foodservice broker in the United States. He is an Industry Venture Partner (IVP) with Loft Growth Partners, a private-equity firm, providing growth capital and industry expertise to emerging branded consumer products businesses. To promote diversity initiatives, Baum is a Founding Champion of the NextUp, a CPG/Retail industry organization dedicated to providing career opportunities for women and minorities. Baum also is a Director on the Board of Oswego State University (NY), his alma mater.",Winning with the circular economy – and building better businesses,14 May 2025,12:10 - 12:50,Track 1,Non-profit organization,51-200 employees,"2345 Crystal Drive, Suite 800, Arlington, VA 22202, United States",United States,No
Matthew Shay,"President & CEO,",National Retail Federation (NRF),"Since 2007, World Retail Congress has been the premier platform for in-depth research, content and events; driving retail growth and inspiring valuable global connections.",Not available,12th - 14th May 2025,Not available,Not available,Retail,51-200 employees,"1101 New York Ave NW, Washington, DC 20005, United States",United States,No
Meimei Ding,"Founder,",DFO International,"Since 2007, World Retail Congress has been the premier platform for in-depth research, content and events; driving retail growth and inspiring valuable global connections.",How to unlock the potential for international growth,14 May 2025,14:00 - 14:40,Track 3,Retail,Not available,Not available,Not available,Not available
Michael Roth,"SVP International,",Fabletics,"Since 2007, World Retail Congress has been the premier platform for in-depth research, content and events; driving retail growth and inspiring valuable global connections.",International Expansion in a Changing World,13 May 2025,14:40 - 15:40,40 Crystal Palace Suite,Retail,500-1000 employees,"800 Apollo St, El Segundo, CA 90245, United States",United States,Yes
Michelle Lau,"Managing Director, France,",Alibaba.com,"She joined Alibaba Group in 2016 as Senior Business Development Manager and in 2020, took on a key role in the Senior Strategic Partnership team, overseeing key strategic accounts for various digital solutions. Since 2022 - and until the restructuring of the Group in 2023 - she held the position of co-Managing Director, Alibaba Group before taking over as MD for Alibaba.com in France.",Leading the AI Revolution,13 May 2025,16:10 - 16:40,Main Stage,Technology,"Over 100,000 employees","969 West Wen Yi Road, Yu Hang District, Hangzhou, Zhejiang, China",China,Yes
Nadine Graf,"President, EMEA, UK&I and Emerging Markets,","The Estée Lauder Companies, Inc.","Nadine Graf is President, EMEA, UK & Ireland, and Emerging Markets. In this expanded role for her, she oversees the Company’s strategic growth and transformation across Europe, the Middle East, Africa, India, and emerging markets in Southeast Asia, focused on driving market expansion, omnichannel acceleration, and operational excellence across 100+ markets. The evolution of the geographic scope was designed to help the Company unlock greater synergies, enhance operational efficiencies, and accelerate locally relevant innovation in high-growth markets poised for long-term success.",Shaping the Retail Industry Through the Future of the Consumer,14 May 2025,09:50 - 10:20,Main Stage,Cosmetics,"Over 60,000 employees","767 Fifth Avenue, New York, NY 10153, USA",United States,Yes
Oliver Vernon-Harcourt,"Partner | UK Retail Leader,",Deloitte,"Ol leads Deloitte’s Retail practice in the UK across the firm’s services of Audit & Assurance, Consulting, Financial Advisory, Risk Advisory and Tax & Legal. Prior to this, he led Deloitte’s Retail Consulting practice, working with both business and technology leadership to design and deliver strategic change to embrace digital, enable growth and improve efficiency. Ol is also one the firm’s leaders in retail eminence, from Retail Trends and the Deloitte Consumer Tracker to providing insight on profitability, connected supply chain and innovation in retail. He is passionate about retail and has worked across fashion, department stores, supermarkets, DIY and electrical sectors for over 20 years.",Shaping the Retail Industry Through the Future of the Consumer,14 May 2025,09:50 - 10:20,Main Stage,Professional Services,"Over 415,000 employees","30 Rockefeller Plaza, New York, NY 10112, United States",United States,Yes
Pallak Seth,"Executive Vice Chairman,",PDS Ltd.,"Pallak Seth is a serial entrepreneur and the Founder of PDS. With over 20 years of experience in fashion manufacturing, sourcing, and the investment ecosystem, he is passionate about innovation, sustainability, technology, and entrepreneurship.",Overcoming Sourcing and Supply Chain Challenges in a Volatile World,14 May 2025,14:40 - 15:20,Track 2,Fashion Manufacturing and Sourcing,Not available,Not available,India,Yes
Pareiya Gupta,"Head of Product and Strategy for gStore,",GreyOrange,"Pareiya Gupta is the Head of Product & Strategy for gStore at GreyOrange, where she leads the Go-to-Market strategy and product vision for the company’s in-store automation solution. With over a decade of experience in product management and more than seven years at GreyOrange, Pareiya has successfully taken multiple products from concept to scale - focusing on innovation, usability, and business impact. She has worked closely with some of the world’s largest retailers to modernize in-store execution, build intelligent inventory systems, and drive omnichannel success.",Where AI Meets the Aisle – Because Every Shopper Deserves a Personal Touch,13 May 2025,12:50 - 13:50,50 Crystal Palace Suite,Technology,1001-5000 employees,"Building 101, Candor TechSpace, Tikri, Sector 48, Gurugram, Haryana 122018, India",India,Yes
Patrick Chalhoub,"Executive Chairman,",Chalhoub Group,"Since 2007, World Retail Congress has been the premier platform for in-depth research, content and events; driving retail growth and inspiring valuable global connections.",A Legacy Conversation with Patrick Chalhoub,13 May 2025,15:50 - 16:10,Main Stage,Retail,"12,000 employees","Jebel Ali, Street 22, Dubai, United Arab Emirates",United Arab Emirates,Yes
Patrick Lasfargues,"VP International Partnerships,",Carrefour Group,"Since 2007, World Retail Congress has been the premier platform for in-depth research, content and events; driving retail growth and inspiring valuable global connections.",How to unlock the potential for international growth,14 May 2025,12:40 - 13:20,Track 2,Retail,"321,383 employees","33 Avenue Émile Zola, 92100 Boulogne-Billancourt, France",France,Yes
Paul O'Hara,"CPO and Property Director,",Halfords,"Since 2007, World Retail Congress has been the premier platform for in-depth research, content and events; driving retail growth and inspiring valuable global connections.",Why Inclusive Leadership Matters More Than Ever,14 May 2025,11:30 - 12:10,Track 1,Retail,"Approximately 10,000 employees","Icknield Street Drive, Washford West, Redditch, Worcestershire, B98 0DE, United Kingdom",United Kingdom,No
Paul Wright,"Head of Uber Advertising International,",Uber,"Paul started his career at Sky, where he moved from TV sales into the commercial web. He later co-founded a sports focussed ad network and held a variety of digital roles at Bauer and AOL. He was appointed as the first Chief Digital Officer for OMD Group UK and then Omnicom Media Group UK.",Creating special discovery moments for customers,14 May 2025,11:30 - 12:10,Track 2,Technology,"32,800 employees","1515 3rd Street, San Francisco, CA 94158, United States",United States,Yes
Paula Coughlan,"Chief People, Communications and Sustainability Officer,",Currys,"Before joining Currys, Paula held several leadership roles at McDonald's. Most recently, she was Global Chief People Strategy Officer, where she was responsible for nearly two million colleagues and had a global remit that spanned the business' youth opportunity programme, employer reputation, digital engagement, change management, organisational design and people analytics and insight. Prior to this, Paula was Chief People Officer for Europe and the International Lead Markets. Before her career at McDonald's, Paula held a range of senior people roles at PepsiCo in the UK and Europe.",Winning with the circular economy – and building better businesses,14 May 2025,12:10 - 12:50,Track 1,Retail,"Approximately 36,000 employees","1 Portal Way, London, W3 6RS, United Kingdom",United Kingdom,Yes
Peter Ruis,"Managing Director,",John Lewis Partnership,"Since 2007, World Retail Congress has been the premier platform for in-depth research, content and events; driving retail growth and inspiring valuable global connections.",Don’t Leave Money on the Table: Turn your Commerce Business into a Retail Media Profit Engine,13 May 2025,12:10 - 12:50,Track 2,Retail,"80,000 employees","171 Victoria Street, London SW1E 5NN, United Kingdom",United Kingdom,No
Rami Baitiéh,"CEO,",Morrisons,"Since 2007, World Retail Congress has been the premier platform for in-depth research, content and events; driving retail growth and inspiring valuable global connections.","Rami Baitieh, CEO, Morrisons",14 May 2025,16:20 - 16:40,Main Stage,Retail,"110,000 employees","Hilmore House, Gain Lane, Bradford, BD3 7DL",United Kingdom,No
Regis Schultz,"CEO,",JD Sports,"Since 2007, World Retail Congress has been the premier platform for in-depth research, content and events; driving retail growth and inspiring valuable global connections.","Regis Schultz, CEO, JD Sports 13-May-2025 10:20 – 10:40 Main Stage Keynote Interview: Britt Olsen, Chief Commercial Officer, On",13 May 2025,15:10 - 15:30,Main Stage,Retail,"Approximately 60,000 employees","Hollinsbrook Way, Pilsworth, Bury, BL9 8RR, United Kingdom",United Kingdom,Yes
Reid Nakou,"Chief Experience Officer & Head of Design,",The General Store,"With an immense passion for working with both brands and property owners, Reid’s skillset enables an unlocking of value across a multitude of disciplines and sectors - creating innovative experiences for brands, designing the environments they reside within, and establishing an inspiring strategy to stitch it all together. This philosophy, paired with a love of lateral thinking, informs a unique approach to design, one deeply rooted in customer experience, blue sky thinking and world class architectural concepts.",The World's Coolest Retailers 2025,14 May 2025,14:00 - 14:20,Track 3,Not available,Not available,Not available,Not available,Not available
René Van Dijk,"Director, Digital Strategy and Analytics,",ASICS,"Since 2007, World Retail Congress has been the premier platform for in-depth research, content and events; driving retail growth and inspiring valuable global connections.",How Retail & Brand Leaders are Building Connected Consumer Experiences with Data and AI,13 May 2025,11:30 - 12:10,Track 2,Sportswear and Equipment,"Approximately 9,000 employees","7-1-1, Minatojima-Nakamachi, Chuo-ku, Kobe, Hyogo 650-8555, Japan",Japan,Yes
Reniera O'Donnell,"Executive Lead,",Ellen MacArthur Foundation,"Since 2007, World Retail Congress has been the premier platform for in-depth research, content and events; driving retail growth and inspiring valuable global connections.",Winning with the circular economy – and building better businesses,14 May 2025,14:20 - 14:50,Track 1,Non-profit organization,51-200 employees,"The Sail Loft, 42 Medina Road, Cowes, PO31 7BX, United Kingdom",United Kingdom,Yes
Richard Baker,"Executive Chairman,",Saks Global,"Richard A. Baker is an experienced executive and established visionary with a reputation for capitalizing on opportunities that lie at the intersection of retail and real estate. Mr. Baker currently serves as Executive Chairman of Saks Global, the largest multi-brand luxury retailer in the world, comprising Neiman Marcus, Bergdorf Goodman, Saks Fifth Avenue, Saks OFF 5TH and a $7 billion Gross Asset Value portfolio of real estate assets in top markets across the U.S. Mr. Baker led the highly anticipated acquisition of Neiman Marcus Group and established Saks Global. He is an owner of National Realty & Development Corporation (NRDC), one of the largest real estate development companies in the United States. Mr. Baker previously served as the Chairman of the Board of Directors for Retail Opportunity Investments Corporation (ROIC), after he converted the company into the NASDAQ-listed REIT focused on acquiring retail properties on the west coast of the United States. ROIC was acquired by Blackstone Real Estate for $4 billion in 2025.",30 Main Stage The Power Interview,14 May 2025,09:05 - 09:30,Main Stage,Retail,Not available,"225 Liberty Street, New York, NY 10281, USA",United States,Yes
Richard Bayer,"Executive Vice President, Country Manager and Head of Sales, UK,",Clearpay,"Before relocating to London in March 2021 to take up his current role, Rich was based in San Francisco, where he was EVP of Client Success at Afterpay for two years. In that role he built the Client Success team from the ground up and oversaw all of the key retail relationships. He has been with the company for nearly six years.",The Gen Z Consumer - Insights and Buying Habits,14 May 2025,12:50 - 13:50,50 Crystal Palace Suite,Financial Technology,1001-5000 employees,Not available,Australia,Yes
Roisin Currie,"Chief Executive,",Greggs,"Since 2007, World Retail Congress has been the premier platform for in-depth research, content and events; driving retail growth and inspiring valuable global connections.",how to learn from challenger brands and to adopt a different way of connecting with customers,14 May 2025,14:00 - 14:40,Track 2,Food Retail,"25,000 employees","Greggs House, Quorum Business Park, Newcastle upon Tyne, NE12 8BU, United Kingdom",United Kingdom,No
Rolf Schumann,"CEO,",Schwarz Digits,"Since 2007, World Retail Congress has been the premier platform for in-depth research, content and events; driving retail growth and inspiring valuable global connections.",00 Main Stage Retail in an Uncertain Time,13 May 2025,10:40 - 11:00,Main Stage,Not available,Not available,Not available,Not available,Not available
Romy Miller,"Chief Marketing Officer,",Knoops,"Romy joined Knoops in 2024 to realise the ambition of creating a new category: doing for chocolate drinks what has been done for barista coffee. Before Knoops, Romy was Global Brand Director at KellyDeli, an artisan sushi concept with 1,200 retail locations and DTC e-commerce across the UK, Europe, LatAm and Dubai. From 2013-2021, Romy was Marketing & Commercial Director at GAIL’s Bakery, known for crafting category-defining brand love.",Growing Disruptive Retail Brands,13 May 2025,14:00 - 14:40,Track 1,Food & Beverage,11-50 employees,Not available,United Kingdom,No
Roy Horgan,"CEO UK & Ireland & SEVP Strategy, Marketing & Communications,",VusionGroup,"Since 2007, World Retail Congress has been the premier platform for in-depth research, content and events; driving retail growth and inspiring valuable global connections.","AI-Driven, People-Powered, Store-Centric",14 May 2025,12:10 - 12:50,Track 2,Not available,Not available,Not available,Not available,Not available
Sandra Stanley,"Chief Data Science Officer,",dunnhumby,"Sandra Stanley, Chief Data Science Officer at dunnhumby, leads innovation in AI and data science to drive customer-first retail solutions. With over 25 years’ experience in data science and AI, she specialises in turning data into tangible value for retailers. A recognised industry leader, she was DataIQ Global Data and Analytics Leader of the Year in 2023, and recently took home the 2025 Everywoman in Technology Leader Award.",AI’s real-world impact on retail,13 May 2025,15:00 - 15:20,Track 2,Customer Data Science,2000+ employees,"184 Shepherds Bush Road, London W6 7NL, United Kingdom",United Kingdom,Yes
Scott Price,"Group Chief Executive,",DFI Retail Group,"Since 2007, World Retail Congress has been the premier platform for in-depth research, content and events; driving retail growth and inspiring valuable global connections.",Growth Drivers: Where is global retail growth coming from?,13 May 2025,17:20 - 17:40,Main Stage,Retail,"Approximately 230,000 employees","21st Floor, Devon House, Taikoo Place, 979 King's Road, Quarry Bay",Hong Kong,Yes
Sean Biddick,"Managing Director and Partner,",BCG,"Since 2007, World Retail Congress has been the premier platform for in-depth research, content and events; driving retail growth and inspiring valuable global connections.",Tech-Enabled Teams,13 May 2025,11:30 - 12:30,Track 3,Management Consulting,"25,000+ employees","Exchange Place, 31 St James Ave, Boston, MA 02116, USA",United States,Yes
Selvane Mohandas du Ménil,"Managing Director ,",International Association of Department Stores,"His extensive experience in business development combined with his current position, where he is exchanging on a regular basis with the CEOs of the top department stores in the world, allow him to have an expert understanding of retail and most specifically of the trends, challenges and solutions, in the exciting world of department stores.","Winning ways of delivering experience, service and building loyalty",13 May 2025,11:00 - 11:30,Track 3,Retail Association,Not available,Not available,Not available,Yes
Sharmila Murat,"Director,",Agthia Group,"Previously, Sharmila spent nearly fourteen years with the Chalhoub Group, where she led multiple luxury, fashion, and beauty businesses, drove digital transformation, and launched new brands and concepts. In her last role, she served as Chief Investment Officer and represented the group as a director on several company boards.",International Expansion in a Changing World,13 May 2025,14:40 - 15:40,40 Crystal Palace Suite,Food & Beverage,2000+ employees,"Sky Tower, Al Reem Island, P.O. Box 37725, Abu Dhabi",United Arab Emirates,Yes
Simon Dyer,"Regional Vice President,",Mirakl,"Simon Dyer joined Mirakl five years ago and as RVP EMEA North and VP EMEA Sales Engineering, he plays a critical role in expanding Mirakl's business outside its core geographies and driving business growth by leading a qualified pre-sales function. Simon’s career includes experiences at Siebel, Oracle and Zuora, spanning positions in customer success, consulting, pre-sales and sales. His comprehensive understanding of both pre- and post-sales environments, combined with his experience in shaping sales strategies and building successful teams, makes him a vital asset to Mirakl's continued growth and success.","The Engine Behind eCommerce Growth - Extending your Assortment Online, Profitably",14 May 2025,12:50 - 13:50,Not available,Technology,800+ employees,"40 Avenue de la Grande Armée, 75017 Paris, France",France,Yes
Simon Pakenham-Walsh,"Chief Information Officer,",River Island,"Simon Pakenham-Walsh is the Chief Information Officer at River Island, looking after technology and data at one of the UK’s most iconic retail brands with over 240 stores.",How Retail & Brand Leaders are Building Connected Consumer Experiences with Data and AI,13 May 2025,11:30 - 12:10,Track 2,Retail,3000+ employees,"Chelsea House, Westgate, London, W5 1DR, United Kingdom",United Kingdom,Yes
Simon Vincent OBE,"EVP & President EMEA,",Hilton,"Vincent has more than three decades of experience in hospitality and tourism, previously serving as CEO of Opodo, the pan-European online travel agency and COO of Thomas Cook Travel. He spent the early part of his career in International Banking with HSBC and has extensive international experience having also worked in North America and Japan. From 2014-2023 he served as non-executive director at iconic London retailer Fortnum & Mason.",Winning Customer Experience from Beyond Retail,14 May 2025,14:00 - 14:40,Track 1,Hospitality,"About 141,000 employees","7930 Jones Branch Drive, McLean, VA 22102, USA",United States,Yes
Sir Terry Leahy,"Senior Advisor,","Clayton, Dubilier & Rice","Since 2007, World Retail Congress has been the premier platform for in-depth research, content and events; driving retail growth and inspiring valuable global connections.","Driving Growth in PE, VC or PLCs",13 May 2025,14:00 - 14:40,Track 2,Private Equity,Not available,"375 Park Avenue, 18th Floor, New York, NY 10152, USA",United States,Yes
Sjoerd Holleman,"SVP Strategy, Product & Analytics,",Albert Heijn,"Since 2007, World Retail Congress has been the premier platform for in-depth research, content and events; driving retail growth and inspiring valuable global connections.",Shaping the Retail Industry Through the Future of the Consumer,14 May 2025,09:50 - 10:20,Main Stage,Retail,"100,000+ employees","Provincialeweg 11, 1506 MA Zaandam, Netherlands",Netherlands,No
Sonia Abrahams,"Director, Insight,",Brunswick Group,"Over the course of her 20-year career, Sonia has used insight to develop and inform messaging and strategy across a range of complex and politically charged reputational issues, including post Brexit trade issues, airport expansion, health and pensions reform. Sonia has advised clients including Prudential, Heathrow and Google, as well as various UK Government departments such as the Department for International Trade.",AI in Retail: The Customer’s Perspective,14 May 2025,16:40 - 17:00,Main Stage,Public Relations and Communications,1001-5000 employees,"16 Lincoln's Inn Fields, London WC2A 3ED, United Kingdom",United Kingdom,Yes
Stefan Vanoverbeke,"Retail Markets Manager,",Ingka Group (IKEA),"Since 2007, World Retail Congress has been the premier platform for in-depth research, content and events; driving retail growth and inspiring valuable global connections.",Growth Drivers: Where is global retail growth coming from?,13 May 2025,09:50 - 10:20,Main Stage,Retail,"Approximately 225,000 employees","Olof Palmestraat 1, 2616 LN Delft, Netherlands",Netherlands,Yes
Suzanne Long,"Former Chief Sustainability and Transformation Officer,",Albertsons,"Suzanne joined the “new” Albertsons Companies in 2012, leading five major acquisitions/integrations that grew the company to the second largest food and drug retailer in the US. In 2017 she was additionally given the assignment of delivering $500M in cost savings over a three-year timeframe. Suzanne became Group Vice President, Strategic Sourcing and Sustainability in 2020, and has since been named the company’s first Chief Sustainability and Transformation Officer, responsible for driving both the company’s ESG strategy (“Recipe for Change”) and a variety of enterprise-wide strategic initiatives.",Winning with the circular economy – and building better businesses,14 May 2025,16:00 - 16:30,Track 1,Retail,"300,000 employees","250 Parkcenter Blvd, Boise, ID 83706, United States",United States,No
Suzy McClintock,"VP, New Verticals,",Deliveroo,"Suzy is the Vice President for new verticals at Deliveroo, leading grocery and retail for the company. In her role, she is responsible for the full strategy, operations and commercial executions of these fast-growing business units across multiple verticals. Before joining Deliveroo in 2021, Suzy spent over 4 years in various commercial, product and strategy roles at Amazon.",Quick Commerce,13 May 2025,12:10 - 12:30,Track 1,Food delivery,2000-5000 employees,"The River Building, 1 Cousin Lane, London, EC4R 3TE, United Kingdom",United Kingdom,Yes
Tasia Filippatos,"President,",Disney Consumer Products,"Tasia Filippatos is the President of Disney Consumer Products, the global retail division of The Walt Disney Company. This division includes the world’s largest licensing business with $62 billion in annual retail sales, the top children’s publishing brand and one of the leading games licensors. It is also comprised of the global Disney Store business and hundreds of shopping destinations at Disney’s theme parks.",Future of Physical Retailing,13 May 2025,17:00 - 17:30,Main Stage,Retail,Not available,"500 South Buena Vista Street, Burbank, CA 91521, USA",United States,Yes
Thomas Dijkman,"Retail Business Consultant ,",Q&A Retail,"Thomas Dijkman is Retail Business Consultant at Q&A Retail and Co-chair of the “Young Ebeltoft” initiative — a global collective of next-gen retail thinkers part of the Ebeltoft Group. He specializes in translating insights, expertise, and creativity into solutions that help leading retailers adapt and thrive in a fast-changing landscape. Thomas has worked with retailers such as SPAR, Nexeye, and Action, advising on strategy, consumer engagement and store concept optimization. At this year’s conference, he co-hosts a session on Gen Z and Gen Alpha, spotlighting exclusive research from Young Ebeltoft. With a no-nonsense, data-driven approach, Thomas helps retailers understand what young consumers and employees want — and how to meet them there.",The Next Generations in Retail: Gen Z and Gen Alpha as Employee and Consumer,14 May 2025,14:40 - 15:40,40 Crystal Palace Suite,Retail,Not available,Not available,Not available,Yes
Thomas Harms,"Co-founder and Chairman,",NET4BOARDS,"Thomas founded NET4BOARDS, an innovative & sophisticated Strategy Consulting Ecosystem. As rethinking strategies are now more important and challenging than ever before, he enables his clients to find their North Star, achieve unique insights and experiences, set long-term Strategy Goals and to decide what to do when.",How to deliver growth and resilience as a New World Order emerges,13 May 2025,08:00 - 09:00,Track 3,Strategy Consulting,Not available,Not available,Not available,No
Tim Danaher,"Partner, Consumer Industries Group Global Lead,",Brunswick Group,"Since 2007, World Retail Congress has been the premier platform for in-depth research, content and events; driving retail growth and inspiring valuable global connections.",AI in Retail: The Customer’s Perspective,14 May 2025,14:50 - 15:10,Main Stage,Public Relations and Communications,501-1000 employees,"16 Lincoln's Inn Fields, London, WC2A 3ED, United Kingdom",United Kingdom,Yes
Tim Steiner,"CEO,",Ocado,"Since 2007, World Retail Congress has been the premier platform for in-depth research, content and events; driving retail growth and inspiring valuable global connections.",Growth Drivers: Where is global retail growth coming from?,13 May 2025,09:50 - 10:20,Main Stage,Technology,"19,000 employees","Buildings One & Two, Trident Place, Mosquito Way, Hatfield, Hertfordshire, AL10 9UL",United Kingdom,Yes
Tjeerd Jegen,"Chair of Supervisory Board,",Accell Group,"In 2015, Jegen started his career in private equity and became CEO of variety value chain HEMA, focusing on international growth and sustainability. In 2022, he joined Takko Fashion as CEO, leading its expansion and digital transformation. Since November 2023, he has been CEO of Accell Group, the leading European bicycle manufacturer. In April 2025, he transitioned to Chairman of the Supervisory Board.","Driving Growth in PE, VC or PLCs",13 May 2025,14:00 - 14:40,Track 2,Bicycle Manufacturing,"Approximately 3,100 employees","Industrieweg 4, 8444 AR Heerenveen, Netherlands",Netherlands,Yes
Tjeerd van der Zee,"Managing Director,",NET4BOARDS,"A Dutch citizen with a distinguished career in retailing, real-estate and banking, Tjeerd is a transformative leader whose insights have shaped the industry. For over 20 years, Tjeerd served on the management board of the C&A-Group, one of Europe’s largest apparel retail chains, excelling in diverse leadership roles, including CFO, COO, and CEO of C&A Germany. During this time, he played a pivotal role in driving the company’s strategic direction, operational excellence, and growth and expansion across European markets.",How to deliver growth and resilience as a New World Order emerges,13 May 2025,07:45 - 08:45,45 Crystal Palace Suite,Not available,Not available,Not available,Not available,Not available
Todd Snyder,"Founder,",Todd Snyder,"Since 2007, World Retail Congress has been the premier platform for in-depth research, content and events; driving retail growth and inspiring valuable global connections.","Todd Snyder, Founder, Todd Snyder",14 May 2025,10:20 - 10:40,Main Stage,Retail,51-200 employees,"242 Elizabeth St, New York, NY 10012, United States",United States,No
Tommy Resin,"Head of Digital Business,",Stadium,"Tommy Resin has a diverse work experience in various roles and companies. Tommy started their career as a Mystery Shopper at GAPbuster Worldwide in 2006. Tommy then worked as a Store Manager at Stadium from 2006 to 2009. From 2009 to 2014, Tommy served as the Marketing and Communications Manager for Västerbottens idrottsförbund & SISU idrottsutbildarna. In 2014, they returned to Stadium as a Store Manager, and later held positions such as E-Commerce Manager, Commercial Manager Online, and Head of Commercial. Tommy's most recent role at Stadium is Head of Digital Business. Tommy is responsible for driving and developing e-commerce for various brands within the Stadium Group, as well as managing the marketplace business model. Overall, Tommy's work experience demonstrates their expertise in e-commerce, marketing, and management.","The Engine Behind eCommerce Growth - Extending your Assortment Online, Profitably",14 May 2025,12:50 - 13:50,Not available,Retail,Not available,"Arenavägen 63, 121 77 Johanneshov, Sweden",Sweden,No
Tracey Clements,"Retail Executive,",Formerly bp/Boots/Tesco,"Tracey recently moved on from her role as SVP for bp’s vast European retail business, after four years in role. Prior to bp, Tracey was COO at Boots, where she led the UK and ROI operations during the COVID-19 pandemic, and Tesco PLC, where she drove significant improvements in convenience market share, operating margins, and customer propositions as MD of Tesco Express and CEO of One Stop Stores Ltd.",Why Inclusive Leadership Matters More Than Ever,14 May 2025,11:30 - 12:10,Track 1,Not available,Not available,Not available,Not available,Not available
Tracy Bay,"SVP, Head of eCommerce & Strategy,",J.Crew Group,"Tracy Bay is the Head of Strategy and Ecommerce at J.Crew Group, where she leads ecommerce, digital marketing, loyalty & retention for J.Crew and its Factory business, in addition to overseeing corporate strategy and consumer insights across the company’s portfolio of brands. She is focused on driving growth in key areas of the business while developing both brand and corporate strategies to unlock long-term value creation.  Her specialty is analyzing and translating customer behavior into impactful business strategies, ensuring the brands remain relevant and continue to grow in an ever-evolving market.",Leading the AI Revolution,13 May 2025,16:10 - 16:40,Main Stage,Retail,"10,001+ employees","225 Liberty Street, New York, NY 10281, United States",United States,Yes
Tristia Harrison DBE,"Chair / NED,",NEXT,"Chief Executive Officer TalkTalk Group PLC from 2017-2024; the UK's only scale challenger ISP.

Led the relocation of the TalkTalk HQ to Salford Greater Manchester in 2018. In 2023/4 led the demerger of the Group to create TalkTalk Consumer, and PXC (UK's fastest growing B2B Telecoms Platform).

Prior to CEO various senior management positions at The Carphone Warehouse, Best Buy Mobile and TalkTalk Group PLC from 2000-2017. Including CMO, Managing Director Consumer, Marketing Director. I joined the TTG PLC Board as an Executive Director in 2014.

Independent Non-Executive Director at NEXT PLC 2018 to present. Member of Audit, Rem and Nomination committees.

Chair of the Board of Trustees of national homelessness charity Crisis 2020 to present.

Previously spent 10 years as Trustee at Comic Relief and remain an honorary Trustee at Ambitious about Autism.

Humbled receive a DBE for services to Telecommunications in the 2024 New Year honours list.",Why Inclusive Leadership Matters More Than Ever,14 May 2025,11:30 - 12:10,Track 1,Retail,"25,000+ employees","Desford Road, Enderby, Leicester, LE19 4AT",United Kingdom,Yes
Victoria Jenkins,"Founder and CEO,",Unhidden,"Since 2007, World Retail Congress has been the premier platform for in-depth research, content and events; driving retail growth and inspiring valuable global connections.",Growing Disruptive Retail Brands,13 May 2025,14:00 - 14:40,Track 1,Fashion,Not available,Not available,United Kingdom,No
Wern-Yuen Tan,"Partner,",Hillhouse Investment,"Wern-Yuen (“Yuen”) Tan is a Partner at Hillhouse Investment, where he leads the firm’s consumer and retail investments practice globally. Before joining Hillhouse in 2025, Yuen held the position of Chief Commercial Officer at PepsiCo and served as its APAC CEO for the Asia Pacific, including Australia, New Zealand and China. In these roles, he spearheaded strategic growth initiatives as well as worked closely with market teams and strategic channel partners to enhance and expand PepsiCo’s Commercial Data & Digital capabilities.",Retail in Asia,14 May 2025,14:25 - 14:45,Track 1,Investment,Not available,"32/F, Tower 1, Times Square, 1 Matheson Street, Causeway Bay",Hong Kong,Yes
